"Rut";"EstadoCivil"
20834373;"Soltero(a)"
20771497;"Soltero(a)"
20708620;"Soltero(a)"
20645744;"Soltero(a)"
20582868;"Soltero(a)"
20519991;"Soltero(a)"
20457115;"Soltero(a)"
20394238;"Soltero(a)"
20331362;"Soltero(a)"
20268486;"Soltero(a)"
20205609;"Soltero(a)"
20142733;"Soltero(a)"
20079856;"Soltero(a)"
20016980;"Soltero(a)"
19954104;"Soltero(a)"
19891227;"Soltero(a)"
19828351;"Soltero(a)"
19765475;"Soltero(a)"
19702598;"Soltero(a)"
19639722;"Soltero(a)"
19576845;"Soltero(a)"
19513969;"Soltero(a)"
19451093;"Soltero(a)"
19388216;"Soltero(a)"
19325340;"Soltero(a)"
19262463;"Soltero(a)"
19199587;"Soltero(a)"
19136711;"Soltero(a)"
19073834;"Soltero(a)"
19010958;"Soltero(a)"
18948082;"Soltero(a)"
18885205;"Soltero(a)"
18822329;"Soltero(a)"
18759452;"Soltero(a)"
18696576;"Soltero(a)"
18633700;"Soltero(a)"
18570823;"Soltero(a)"
18507947;"Soltero(a)"
18445070;"Soltero(a)"
18382194;"Soltero(a)"
18319318;"Soltero(a)"
18256441;"Soltero(a)"
18193565;"Soltero(a)"
18130688;"Soltero(a)"
18067812;"Soltero(a)"
18004936;"Soltero(a)"
17942059;"Soltero(a)"
17879183;"Soltero(a)"
17816307;"Soltero(a)"
17753430;"Soltero(a)"
17690554;"Soltero(a)"
17627677;"Soltero(a)"
17564801;"Soltero(a)"
17501925;"Soltero(a)"
17439048;"Soltero(a)"
17376172;"Soltero(a)"
17313295;"Soltero(a)"
17250419;"Soltero(a)"
17187543;"Soltero(a)"
17124666;"Soltero(a)"
17061790;"Soltero(a)"
16998914;"Soltero(a)"
16936037;"Soltero(a)"
16873161;"Soltero(a)"
16810284;"Soltero(a)"
16747408;"Soltero(a)"
16684532;"Soltero(a)"
16621655;"Soltero(a)"
16558779;"Soltero(a)"
16495902;"Soltero(a)"
16433026;"Soltero(a)"
16370150;"Soltero(a)"
16307273;"Soltero(a)"
16244397;"Soltero(a)"
16181521;"Soltero(a)"
16118644;"Soltero(a)"
16055768;"Soltero(a)"
15992891;"Soltero(a)"
15930015;"Soltero(a)"
15867139;"Soltero(a)"
15804262;"Soltero(a)"
15741386;"Soltero(a)"
15678509;"Soltero(a)"
15615633;"Soltero(a)"
15552757;"Soltero(a)"
15489880;"Soltero(a)"
15427004;"Soltero(a)"
15364127;"Soltero(a)"
15301251;"Soltero(a)"
15238375;"Soltero(a)"
15175498;"Soltero(a)"
15112622;"Soltero(a)"
15049746;"Soltero(a)"
14986869;"Soltero(a)"
14923993;"Soltero(a)"
14861116;"Soltero(a)"
14798240;"Soltero(a)"
14735364;"Soltero(a)"
14672487;"Soltero(a)"
14609611;"Soltero(a)"
14183829;"Casado(a)"
14122235;"Casado(a)"
14060642;"Casado(a)"
13999048;"Casado(a)"
13937454;"Casado(a)"
13875860;"Casado(a)"
13814266;"Casado(a)"
13752672;"Casado(a)"
13691078;"Casado(a)"
13629484;"Casado(a)"
13567891;"Casado(a)"
13506297;"Casado(a)"
13444703;"Casado(a)"
13383109;"Casado(a)"
13321515;"Casado(a)"
13259921;"Casado(a)"
13198327;"Casado(a)"
13136734;"Casado(a)"
13075140;"Casado(a)"
13013546;"Casado(a)"
12951952;"Casado(a)"
12890358;"Casado(a)"
12828764;"Casado(a)"
12767170;"Casado(a)"
12705576;"Casado(a)"
12643983;"Casado(a)"
12582389;"Casado(a)"
12520795;"Casado(a)"
12459201;"Casado(a)"
12397607;"Casado(a)"
12336013;"Casado(a)"
12274419;"Casado(a)"
12212825;"Casado(a)"
12151232;"Casado(a)"
12089638;"Casado(a)"
12028044;"Casado(a)"
11966450;"Casado(a)"
11904856;"Casado(a)"
11843262;"Casado(a)"
11781668;"Casado(a)"
11720074;"Casado(a)"
11658481;"Casado(a)"
11596887;"Casado(a)"
11535293;"Casado(a)"
11473699;"Casado(a)"
11412105;"Casado(a)"
11350511;"Casado(a)"
11288917;"Casado(a)"
11227323;"Casado(a)"
11165730;"Casado(a)"
11104136;"Casado(a)"
11042542;"Casado(a)"
10980948;"Casado(a)"
10919354;"Casado(a)"
10857760;"Casado(a)"
10796166;"Casado(a)"
10734572;"Casado(a)"
10672979;"Casado(a)"
10611385;"Casado(a)"
10549791;"Casado(a)"
10488197;"Casado(a)"
10426603;"Casado(a)"
10365009;"Casado(a)"
10303415;"Casado(a)"
10241821;"Casado(a)"
10180228;"Casado(a)"
10118634;"Casado(a)"
10057040;"Casado(a)"
9995446;"Casado(a)"
9933852;"Casado(a)"
9872258;"Casado(a)"
9810664;"Casado(a)"
9749070;"Casado(a)"
9687477;"Casado(a)"
9625883;"Casado(a)"
9564289;"Casado(a)"
9502695;"Casado(a)"
9441101;"Casado(a)"
9379507;"Casado(a)"
9317913;"Casado(a)"
9256319;"Casado(a)"
9194726;"Casado(a)"
9133132;"Casado(a)"
9071538;"Casado(a)"
9009944;"Casado(a)"
8948350;"Casado(a)"
8886756;"Casado(a)"
8825162;"Casado(a)"
8763568;"Casado(a)"
8701975;"Casado(a)"
8640381;"Casado(a)"
8578787;"Casado(a)"
8517193;"Casado(a)"
8455599;"Casado(a)"
8394005;"Casado(a)"
8332411;"Casado(a)"
8270817;"Casado(a)"
8209224;"Casado(a)"
8147630;"Casado(a)"
8086036;"Casado(a)"
7850377;"Casado(a)"
7789694;"Casado(a)"
7729012;"Casado(a)"
7668329;"Casado(a)"
7607647;"Casado(a)"
7546964;"Casado(a)"
7486281;"Casado(a)"
7425599;"Casado(a)"
7364916;"Casado(a)"
7304234;"Casado(a)"
7243551;"Casado(a)"
7182868;"Casado(a)"
7122186;"Casado(a)"
7061503;"Casado(a)"
7000821;"Casado(a)"
6940138;"Casado(a)"
6879455;"Casado(a)"
6818773;"Casado(a)"
6758090;"Casado(a)"
6697408;"Casado(a)"
6636725;"Casado(a)"
6576042;"Casado(a)"
6515360;"Casado(a)"
6454677;"Casado(a)"
6393995;"Casado(a)"
6333312;"Casado(a)"
6272629;"Casado(a)"
6211947;"Casado(a)"
6151264;"Casado(a)"
6090582;"Casado(a)"
6029899;"Casado(a)"
5969216;"Casado(a)"
5908534;"Casado(a)"
5847851;"Casado(a)"
5787169;"Casado(a)"
5726486;"Casado(a)"
5665803;"Casado(a)"
5605121;"Casado(a)"
5544438;"Casado(a)"
5483756;"Casado(a)"
5423073;"Casado(a)"
5362390;"Casado(a)"
5301708;"Casado(a)"
5241025;"Casado(a)"
5180343;"Casado(a)"
5119660;"Casado(a)"
5058977;"Casado(a)"
4998295;"Casado(a)"
4937612;"Casado(a)"
4876930;"Casado(a)"
4816247;"Casado(a)"
4755564;"Casado(a)"
4694882;"Casado(a)"
4634199;"Casado(a)"
4573517;"Casado(a)"
4512834;"Casado(a)"
4452151;"Casado(a)"
4391469;"Casado(a)"
4330786;"Casado(a)"
4270104;"Casado(a)"
4209421;"Casado(a)"
4148738;"Casado(a)"
4088056;"Casado(a)"
4027373;"Casado(a)"
3966691;"Casado(a)"
3906008;"Casado(a)"
3845325;"Casado(a)"
3784643;"Casado(a)"
3723960;"Casado(a)"
3663278;"Casado(a)"
3602595;"Casado(a)"
3541912;"Casado(a)"
3481230;"Casado(a)"
3420547;"Casado(a)"
3359865;"Casado(a)"
3299182;"Casado(a)"
3238499;"Casado(a)"
3177817;"Casado(a)"
3117134;"Casado(a)"
3056452;"Casado(a)"
2995769;"Casado(a)"
2935086;"Casado(a)"
2874404;"Casado(a)"
2813721;"Casado(a)"
2753039;"Casado(a)"
2692356;"Casado(a)"
2631673;"Casado(a)"
2570991;"Casado(a)"
2510308;"Casado(a)"
2449626;"Casado(a)"
2388943;"Casado(a)"
2328260;"Casado(a)"
2267578;"Casado(a)"
2206895;"Casado(a)"
2146213;"Casado(a)"
2085530;"Casado(a)"
2024847;"Casado(a)"
1964165;"Casado(a)"
1903482;"Casado(a)"
1842800;"Casado(a)"
